epoch,move legality,average reward,game len,off pol %,loss
0.0,0.3329130316018546,-0.1667717420995364,9.009002976190477,0.18953840920962867,621.2423934936523
