epoch,move legality,average reward,game len,off pol %,loss
0.0,0.5225498348740678,-0.11936254128148299,5.067928406757264,0.14965255980948922,2872.066213607788
300.0,0.8408078848214058,-0.03979802879464854,2.0246581743844616,0.12624389007002487,2571.138957977295
600.0,0.8293261947162667,-0.04266845132093315,1.930863327935119,0.14906152093711175,2270.6140880584717
900.0,0.8090653548493956,-0.04773366128765115,1.9780201839017337,0.1384043946530329,2177.44496011734
1200.0,0.7125645011306507,-0.07185887471733741,3.013095044280923,0.13474803129532634,1291.477674484253
1500.0,0.7195245596437355,-0.07011886008906597,3.045665459539049,0.1302245261213007,1271.8440704345703
