epoch,move legality,average reward,game len,off pol %,loss
0.0,0.5363937202213811,-0.11590156994465449,5.24849981432863,0.14104785107168694,3329.4006299972534
