epoch,move legality,average reward,game len,off pol %,loss
0.0,0.6097845381855659,-0.09755386545360828,4.579536384472317,0.2790906005383738,2841.226984977722
