epoch,move legality,average reward,game len,off pol %,loss
0.0,0.5166666666666667,-0.12083333333333335,1.75,0.4,13.080244064331055
