epoch,move legality,average reward,game len,off pol %,loss
6.0,1.2731725206438966,-0.6817068698390257,28.083333333333336,1.6425526711828289,-125.66343331336975
