epoch,move legality,average reward,game len,off pol %,loss
0.0,0.39892344497607657,-0.15026913875598086,11.75,0.4073365231259968,-68.70047760009766
