epoch,move legality,average reward,game len,off pol %,loss
0.0,0.47559119209563144,-0.1311022019760921,5.756369618028037,0.15647423707139307,2059.615975379944
300.0,0.802653393313662,-0.049336651671584464,2.0216213853665637,0.14073246739876705,2416.3032207489014
