epoch,move legality,average reward,game len,off pol %
0,0.3226037851037851,-0.1693490537240537,7.875,0.3523580586080586
