epoch,move legality,average reward,game len,off pol %
0,0.31018963675213673,-0.17245259081196582,6.625,0.4091804029304029
