epoch,move legality,average reward,game len,off pol %
1,0.343797309520389,-0.16405067261990275,8.625,0.20180410164691873
