epoch,move legality,average reward,game len,off pol %,loss
0.0,0.6131954668104312,-0.096701133297392,4.528510320857938,0.28034630912429204,945.6750402450562
300.0,0.7969670395632821,-0.05075824010917928,2.3735215085324044,0.2427192499051295,232.43008136749268
600.0,0.7982190794458706,-0.050445230138532374,2.166015151718721,0.25767543240301655,390.1020622253418
900.0,0.7872815453591988,-0.053179613660200194,2.3908534441334615,0.2592587490641295,59.792025566101074
1200.0,0.7921002609078809,-0.05197493477302974,2.4061309210853725,0.24404103188994586,145.96695184707642
