epoch,move legality,average reward,game len,off pol %,loss
0.0,0.5875281621361795,-0.1031179594659549,5.239002625653267,0.29214389412295466,2776.8708124160767
