epoch,move legality,average reward,game len,off pol %,loss
0.0,0.29233374384236455,-0.17691656403940886,15.75,0.45956486042692934,-106.66536712646484
