epoch,move legality,average reward,game len,off pol %
0,0.3696428571428571,-0.15758928571428568,4.0,0.3770833333333334
