epoch,move legality,average reward,game len,off pol %,loss
0.0,0.521729157382541,-0.11956771065436458,5.492300995468941,0.2976059114117748,2754.4314880371094
