epoch,move legality,average reward,game len,off pol %
6.0,1.2261845888004892,-0.6934538527998777,37.5625,1.5997625794828616,-226.92952394485474
