epoch,move legality,average reward,game len,off pol %,loss
6.0,1.2497486102246946,-0.6875628474438262,34.234375,1.702014692465708,-157.07554423809052
