epoch,move legality,average reward,game len,off pol %,loss
0.0,0.33171931932279264,-0.16707017016930187,7.143412698412698,0.21475969636930237,614.1036109924316
