epoch,move legality,average reward,game len,off pol %,loss
0.0,0.548092902643741,-0.11297677433906456,5.633708460713209,0.14748138373985145,2712.0000324249268
