epoch,move legality,average reward,game len,off pol %,loss
0.0,0.6164249257012065,-0.09589376857469809,4.923877263164628,0.2870271966897081,715.3612070083618
