epoch,move legality,average reward,game len,off pol %
9,0.2361162395235145,-0.1909709401191213,10.34375,0.2080919166326689
