epoch,move legality,average reward,game len,off pol %,loss
0.0,0.5895534144827755,-0.10261164637930596,5.058473785780733,0.28199002270254575,900.8748912811279
