epoch,move legality,average reward,game len,off pol %,loss
0.0,0.27763902763902765,-0.18059024309024307,10.5,0.342074592074592,-71.5889892578125
