epoch,move legality,average reward,game len,off pol %,loss
1.5,0.36749943135915863,-0.15812514216021034,8.419270833333334,0.390477838988299,-168.447438955307
