epoch,move legality,average reward,game len,off pol %
0,0.4147271741180909,-0.14631820647047727,5.125,0.4045079937747595
