epoch,move legality,average reward,game len,off pol %
0,0.4187621202327085,-0.1453094699418229,4.25,0.4395462992889464
