epoch,move legality,average reward,game len,off pol %,loss
0.0,0.5133991387462897,-0.12165021531342743,5.652802536723468,0.14578591174756272,2920.7292919158936
