epoch,move legality,average reward,game len,off pol %
6.0,1.2872840281841893,-0.6781789929539528,27.890625,1.6510884576696134,-129.09280586242676
