epoch,move legality,average reward,game len,off pol %,loss
0.0,0.5501800113432838,-0.11245499716417885,5.03276336906713,0.14347210122275603,2754.3894424438477
