epoch,move legality,average reward,game len,off pol %
0,0.3367095322977676,-0.1658226169255581,4.375,0.3933494609965198
