epoch,move legality,average reward,game len,off pol %,loss
0.0,0.557957665614945,-0.11051058359626363,5.519131066639676,0.30060018842507963,255.12249088287354
