epoch,move legality,average reward,game len,off pol %,loss
0.0,0.3755952380952381,-0.15610119047619048,5.25,0.2880952380952381,-24.79939079284668
