epoch,move legality,average reward,game len,off pol %,loss
0.0,0.32873683184235475,79.69840916687703,7.985047348054836,0.1654383853345982,1215462211.640625
